ja,mn,de,en
1/1,,,1/1
,,,1/2
,,,1/3
,,,1/4
,,,1/5
1/2,,,1/6
,,,1/7
,,,1/8
1/4,,,1/9
1/5,,,1/10
1/6,,,1/11
1/7,,,1/12
1/8,,,1/13
1/9,,,1/14
1/10,,,1/15
1/11,,,1/16
1/12,,,1/17
1/13,,,1/18
1/14,,,1/19
1/15,,,1/20
1/16,,,1/21
1/17,,,1/22
1/18,,,1/23
1/19,,,1/24
1/20,,,1/25
1/21,,,1/26
1/22,,,1/27
1/23,,,1/28
1/24,,,1/29
1/25,,,1/30
1/26,,,1/31
1/27,,,1/32
1/28,,,1/33
1/29,,,1/34
1/30,,,1/35
1/31,,,1/36
1/32,,,1/37
1/33,,,1/38
1/34,,,1/39
1/35,,,1/40
1/36,,,1/41
1/37,,,1/42
1/38,,,1/43
1/39,,,1/44
1/40,,,1/45
1/41,,,1/46
1/42,,,1/47
1/43,,,1/48
1/44,,,1/49
1/45,,,1/50
1/46,,,1/51
1/47,,,1/52
1/48,,,1/53
1/49,,,1/54
1/50,,,1/55
1/51,,,1/56
1/52,,,1/57
1/53,,,1/58
1/54,,,2/1
1/55,,,2/2
1/56,,,2/3
1/57,,,2/4
1/58,,,2/5
1/59,,,2/6
1/60,,,2/7
1/61,,,2/8
1/62,,,2/9
1/63,,,2/10
1/64,,,2/11
1/65,,,2/12
1/66,,,2/13
1/67,,,2/14
1/68,,,2/15
1/69,,,2/16
1/70,,,2/17
1/71,,,2/18
1/72,,,2/19
1/73,,,2/20
1/74,,,2/21
1/75,,,2/22
1/76,,,2/23
1/77,,,2/24
1/78,,,3/1
1/79,,,3/2
1/80,,,3/3
1/81,,,3/4
1/82,,,3/5
1/83,,,3/6
1/84,,,3/7
1/85,,,3/8
1/86,,,3/9
1/87,,,3/10
1/88,,,3/11
1/89,,,3/12
1/90,,,3/13
1/91,,,3/14
1/92,,,3/15
1/93,,,3/16
1/94,,,3/17
1/95,,,3/18
1/96,,,3/19
1/97,,,3/20
1/98,,,3/21
1/99,,,3/22
1/100,,,4/1
1/101,,,4/2
1/102,,,4/3
1/103,,,4/4
1/104,,,4/5
1/105,,,4/6
1/106,,,4/7
1/107,,,4/8
1/108,,,4/9
1/109,,,4/10
1/110,,,4/11
1/111,,,4/12
1/112,,,4/13
1/113,,,4/14
1/114,,,4/15
1/115,,,4/16
1/116,,,4/17
1/117,,,4/18
1/118,,,4/19
1/119,,,4/20
1/120,,,5/1
1/121,,,5/2
1/122,,,5/3
1/123,,,5/4
1/124,,,5/5
1/125,,,5/6
1/126,,,5/7
1/127,,,5/8
1/128,,,5/9
1/129,,,5/10
1/130,,,5/11
1/131,,,5/12
1/132,,,5/13
1/133,,,5/14
1/134,,,5/15
1/135,,,5/16
1/136,,,5/17
1/137,,,5/18
1/138,,,5/19
1/139,,,5/20
1/140,,,6/1
1/141,,,6/2
1/142,,,6/3
1/143,,,6/4
1/144,,,6/5
1/145,,,6/6
1/146,,,6/7
1/147,,,6/8
1/148,,,6/10
1/149,,,6/11
1/150,,,6/12
1/151,,,6/13
1/152,,,6/14
1/153,,,6/15
1/154,,,6/16
1/155,,,6/17
1/156,,,6/18
1/157,,,6/19
1/158,,,6/20
1/159,,,6/21
1/160,,,6/22
1/161,,,6/23
1/162,,,7/1
1/163,,,7/2
1/164,,,7/3
1/165,,,7/4
1/166,,,7/5
1/167,,,7/6
1/168,,,7/7
1/169,,,7/8
1/170,,,7/9
1/171,,,7/10
1/172,,,7/11
1/173,,,7/12
1/174,,,7/13
1/175,,,7/14
1/176,,,7/15
1/177,,,7/16
1/178,,,7/17
1/179,,,7/18
1/180,,,7/19
1/181,,,7/20
1/182,,,7/21
1/183,,,8/1
1/184,,,8/2
1/185,,,8/3
1/186,,,8/4
1/187,,,8/5
1/188,,,8/6
1/189,,,8/7
1/190,,,8/8
1/191,,,8/9
1/192,,,8/10
1/193,,,8/11
1/194,,,8/12
1/195,,,8/13
1/196,,,8/14
1/197,,,8/15
1/198,,,8/16
1/199,,,8/17
1/200,,,8/18
1/201,,,8/19
1/202,,,8/20
,,,8/21
,,,8/22
2/1,,,9/1
,,,9/2
,,,9/3
,,,9/4
,,,9/5
,,,9/6
,,,9/7
2/2,,,9/8
2/3,,,9/9
2/4,,,9/10
2/5,,,9/11
2/6,,,9/12
2/7,,,9/13
2/8,,,9/14
2/9,,,9/15
2/10,,,9/16
2/11,,,9/17
2/12,,,9/18
2/13,,,9/19
2/14,,,9/20
2/15,,,9/21
2/16,,,9/22
2/17,,,9/23
2/18,,,9/24
2/19,,,9/25
2/20,,,9/26
2/21,,,9/27
2/22,,,9/28
2/23,,,9/29
2/24,,,10/1
2/25,,,10/2
2/26,,,10/3
2/27,,,10/4
2/28,,,10/5
2/29,,,10/6
2/30,,,10/7
2/31,,,10/8
2/32,,,10/9
2/33,,,10/10
2/34,,,10/11
2/35,,,10/12
2/36,,,10/13
2/37,,,10/14
2/38,,,10/15
2/39,,,10/16
2/40,,,10/17
2/41,,,10/18
2/42,,,10/19
2/43,,,10/20
2/44,,,10/21
2/45,,,10/22
2/46,,,10/23
2/47,,,10/24
2/48,,,11/1
2/49,,,11/2
2/50,,,11/3
2/51,,,11/4
2/52,,,11/5
2/53,,,11/6
2/54,,,11/7
2/55,,,11/8
2/56,,,11/9
2/57,,,11/10
2/58,,,11/11
2/59,,,11/12
2/60,,,11/13
2/61,,,11/14
2/62,,,11/15
2/63,,,11/16
2/64,,,11/17
2/65,,,11/18
2/66,,,11/19
2/67,,,11/20
2/68,,,12/1
2/69,,,12/2
2/70,,,12/3
2/71,,,12/4
2/72,,,12/5
2/73,,,12/6
2/74,,,12/7
2/75,,,12/8
2/76,,,12/9
2/77,,,12/10
2/78,,,12/11
2/79,,,12/12
2/80,,,12/13
2/81,,,12/14
2/82,,,12/15
2/83,,,12/16
2/84,,,12/17
2/85,,,12/18
2/86,,,12/19
2/87,,,12/20
2/88,,,12/21
2/89,,,12/22
2/90,,,13/1
2/91,,,13/2
2/92,,,13/3
2/93,,,13/4
2/94,,,13/5
2/95,,,13/6
2/96,,,13/7
2/97,,,13/8
2/98,,,13/9
2/99,,,13/10
2/100,,,13/11
2/101,,,13/12
2/102,,,13/13
2/103,,,13/14
2/104,,,13/15
2/105,,,13/16
2/106,,,13/17
2/107,,,13/18
2/108,,,13/19
2/109,,,13/20
2/110,,,14/1
2/111,,,14/2
2/112,,,14/3
2/113,,,14/4
2/114,,,14/5
2/115,,,14/6
2/116,,,14/7
2/117,,,14/8
2/118,,,14/9
2/119,,,14/10
2/120,,,14/12
2/121,,,14/13
2/122,,,14/14
2/123,,,14/15
2/124,,,14/16
2/125,,,14/17
2/126,,,14/18
2/127,,,14/19
2/128,,,14/20
2/129,,,15/1
2/130,,,15/2
2/131,,,15/3
2/132,,,15/4
2/133,,,15/5
2/134,,,15/6
2/135,,,15/7
2/136,,,15/8
2/137,,,15/9
2/138,,,15/10
2/139,,,15/11
2/140,,,15/12
2/141,,,15/13
2/142,,,15/14
2/143,,,15/15
2/144,,,15/16
2/145,,,15/17
2/146,,,15/18
2/147,,,15/19
2/148,,,15/20
2/149,,,16/1
2/150,,,16/2
2/151,,,16/3
2/152,,,16/4
2/153,,,16/5
2/154,,,16/6
2/155,,,16/7
2/156,,,16/8
2/157,,,16/9
2/158,,,16/10
2/159,,,16/11
2/160,,,16/12
2/161,,,16/13
2/162,,,16/14
2/163,,,16/15
2/164,,,16/16
2/165,,,16/17
2/166,,,16/18
2/167,,,17/1
2/168,,,17/2
2/169,,,17/3
2/170,,,17/4
2/171,,,17/5
2/172,,,17/6
2/173,,,17/7
2/174,,,17/8
2/175,,,17/9
2/176,,,17/10
2/177,,,17/11
2/178,,,17/12
2/179,,,17/13
2/180,,,17/14
2/181,,,17/15
2/182,,,17/16
2/183,,,17/17
2/184,,,17/18
2/185,,,17/19
2/186,,,17/20
2/187,,,17/21
2/188,,,
2/189,,,17/22
2/190,,,17/23
2/191,,,17/24
2/192,,,18/1
3/1,,,18/2
,,,18/3
,,,18/4
,,,18/5
,,,18/6
,,,18/7
3/2,,,18/8
3/3,,,18/9
3/4,,,18/10
3/5,,,18/11
3/6,,,18/12
3/7,,,18/13
3/8,,,18/14
3/9,,,18/15
3/10,,,18/16
3/11,,,18/17
3/12,,,18/18
3/13,,,18/19
3/14,,,18/20
3/15,,,18/21
3/16,,,18/22
3/17,,,18/23
3/18,,,18/24
3/19,,,18/25
3/20,,,18/26
3/21,,,18/27
3/22,,,19/1
3/23,,,19/2
3/24,,,19/3
3/25,,,19/4
3/26,,,19/5
3/27,,,19/6
3/28,,,19/7
3/29,,,19/8
3/30,,,19/9
3/31,,,19/10
3/32,,,19/11
3/33,,,19/12
3/34,,,19/13
3/35,,,19/14
3/36,,,19/15
3/37,,,19/16
3/38,,,19/17
3/39,,,19/18
3/40,,,19/19
3/41,,,19/20
3/42,,,20/1
3/43,,,20/2
3/44,,,20/3
3/45,,,20/4
3/46,,,20/5
3/47,,,20/6
3/48,,,20/7
3/49,,,20/8
3/50,,,20/9
3/51,,,20/10
3/52,,,20/11
3/53,,,20/12
3/54,,,20/13
3/55,,,20/14
3/56,,,20/15
3/57,,,20/16
3/58,,,20/17
3/59,,,20/18
3/60,,,20/19
3/61,,,20/20
3/62,,,21/1
3/63,,,21/2
3/64,,,21/3
3/65,,,21/4
3/66,,,21/5
3/67,,,21/6
3/68,,,21/7
3/69,,,21/8
3/70,,,21/9
3/71,,,21/10
3/72,,,21/11
3/73,,,21/12
3/74,,,21/13
3/75,,,21/14
3/76,,,21/15
3/77,,,21/16
3/78,,,21/17
3/79,,,21/18
3/80,,,21/19
3/81,,,21/20
3/82,,,22/1
3/83,,,22/2
3/84,,,22/3
3/85,,,22/4
3/86,,,22/5
3/87,,,22/6
3/88,,,22/7
3/89,,,22/8
3/90,,,22/9
3/91,,,22/10
3/92,,,22/11
3/93,,,22/12
3/94,,,22/13
3/95,,,22/14
3/96,,,22/15
3/97,,,22/16
3/98,,,22/17
3/99,,,22/18
3/100,,,22/19
3/101,,,22/20
3/102,,,22/21
3/103,,,22/22
3/104,,,22/23
3/105,,,22/24
3/106,,,22/25
3/107,,,22/26
3/108,,,22/27
3/109,,,22/28
3/110,,,22/29
3/111,,,22/30
3/112,,,23/1
3/113,,,23/2
3/114,,,23/3
3/115,,,23/4
3/116,,,23/5
3/117,,,23/6
3/118,,,23/7
3/119,,,23/8
3/120,,,23/9
3/121,,,23/10
3/122,,,23/11
3/123,,,23/12
3/124,,,23/13
3/125,,,23/14
3/126,,,23/15
3/127,,,23/16
3/128,,,23/17
3/129,,,23/18
3/130,,,23/19
3/131,,,23/20
3/132,,,24/1
3/133,,,24/2
3/134,,,24/3
3/135,,,24/4
3/136,,,24/5
3/137,,,24/6
3/138,,,24/7
3/139,,,24/8
3/140,,,24/9
3/141,,,24/10
3/142,,,24/11
3/143,,,24/12
3/144,,,24/13
3/145,,,24/14
3/146,,,24/15
3/147,,,24/16
3/148,,,24/17
3/149,,,24/18
3/150,,,24/19
3/151,,,24/20
3/152,,,25/1
3/153,,,25/2
3/154,,,25/3
3/155,,,25/4
3/156,,,25/5
3/157,,,25/6
3/158,,,25/7
3/159,,,25/8
3/160,,,25/9
3/161,,,25/10
3/162,,,25/11
3/163,,,25/12
3/164,,,25/13
3/165,,,25/14
3/166,,,25/15
3/167,,,25/16
3/168,,,25/17
3/169,,,25/18
3/170,,,25/19
3/171,,,25/20
3/172,,,26/1
3/173,,,26/2
3/174,,,26/3
3/175,,,26/4
3/176,,,26/5
3/177,,,26/6
3/178,,,26/7
3/179,,,26/8
3/180,,,26/9
3/181,,,26/10
3/182,,,26/11
3/183,,,26/12
3/184,,,26/13
3/185,,,26/14
3/186,,,26/15
3/187,,,26/16
3/188,,,26/17
3/189,,,26/18
3/190,,,26/19
3/191,,,26/20
3/192,,,26/21
3/193,,,26/22
3/194,,,26/23
,,,27/1
,,,27/2
,,,27/3
,,,27/4
,,,27/5
,,,27/6
,,,27/7
4/2,,,27/8
4/3,,,27/9
4/4,,,27/10
4/5,,,27/11
4/6,,,27/12
4/7,,,27/13
4/8,,,27/14
4/9,,,27/15
4/10,,,27/16
4/11,,,27/17
4/12,,,27/18
4/13,,,27/19
4/14,,,27/20
4/15,,,27/21
4/16,,,27/22
4/17,,,27/23
4/18,,,27/24
4/19,,,27/25
4/20,,,27/26
4/21,,,27/27
4/22,,,27/28
4/23,,,27/29
4/24,,,28/1
4/25,,,28/2
4/26,,,28/3
4/27,,,28/4
4/28,,,28/5
4/29,,,28/6
4/30,,,28/7
4/31,,,28/8
4/32,,,28/9
4/33,,,28/10
4/34,,,28/11
4/35,,,28/12
4/36,,,28/13
4/37,,,28/14
4/38,,,28/15
4/39,,,28/16
4/40,,,28/17
4/41,,,28/18
4/42,,,28/19
4/43,,,28/20
4/44,,,29/1
4/45,,,29/2
4/46,,,29/3
4/47,,,29/4
4/48,,,29/5
4/49,,,29/6
4/50,,,29/7
4/51,,,29/8
4/52,,,29/9
4/53,,,29/10
4/54,,,29/11
4/55,,,29/12
4/56,,,29/13
4/57,,,29/14
4/58,,,29/15
4/59,,,29/16
4/60,,,29/17
4/61,,,29/18
4/62,,,29/19
4/63,,,29/20
4/64,,,29/21
4/65,,,29/22
4/66,,,30/1
4/67,,,30/2
4/68,,,30/3
4/69,,,30/4
4/70,,,30/5
4/71,,,30/6
4/72,,,30/7
4/73,,,30/8
4/74,,,30/9
4/75,,,30/10
4/76,,,30/11
4/77,,,30/12
4/78,,,30/13
4/79,,,30/14
4/80,,,30/15
4/81,,,30/16
4/82,,,30/17
4/83,,,30/18
4/84,,,30/19
4/85,,,30/20
4/86,,,31/1
4/87,,,31/2
4/88,,,31/3
4/89,,,31/4
4/90,,,31/5
4/91,,,31/6
4/92,,,31/7
4/93,,,31/8
4/94,,,31/9
4/95,,,31/10
4/96,,,31/11
4/97,,,31/12
4/98,,,31/13
4/99,,,31/14
4/100,,,31/15
4/101,,,31/16
4/102,,,31/17
4/103,,,31/18
4/104,,,31/19
4/105,,,31/20
4/106,,,32/1
4/107,,,32/2
4/108,,,32/3
4/109,,,32/4
4/110,,,32/5
4/111,,,32/6
4/112,,,32/7
4/113,,,32/8
4/114,,,32/9
4/115,,,32/10
4/116,,,32/11
4/117,,,32/12
4/118,,,32/13
4/119,,,32/14
4/120,,,32/15
4/121,,,32/16
4/122,,,32/17
4/123,,,32/18
4/124,,,32/19
4/125,,,32/20
4/126,,,33/1
4/127,,,33/2
4/128,,,33/3
4/129,,,33/4
4/130,,,33/5
4/131,,,33/6
4/132,,,33/7
4/133,,,33/8
4/134,,,33/9
4/135,,,33/10
4/136,,,33/11
4/137,,,33/12
4/138,,,33/13
4/139,,,33/14
4/140,,,33/15
4/141,,,33/16
4/142,,,33/17
4/143,,,33/18
4/144,,,33/19
4/145,,,33/20
4/146,,,34/1
4/147,,,34/2
4/148,,,34/3
4/149,,,34/4
4/150,,,34/5
4/151,,,34/6
4/152,,,34/7
4/153,,,34/8
4/154,,,34/9
4/155,,,34/10
4/156,,,34/11
4/157,,,34/12
4/158,,,34/13
4/159,,,34/14
4/160,,,34/15
4/161,,,34/16
4/162,,,34/17
4/163,,,34/18
4/164,,,34/19
4/165,,,34/20
4/166,,,35/1
4/167,,,35/2
4/168,,,35/3
4/169,,,35/4
4/170,,,35/5
4/171,,,35/6
4/172,,,35/7
4/173,,,35/8
4/174,,,35/9
4/175,,,35/10
4/176,,,35/11
4/177,,,35/12
4/178,,,35/13
4/179,,,35/14
4/180,,,35/15
4/181,,,35/16
4/182,,,35/17
4/183,,,35/18
4/184,,,35/19
4/185,,,35/20
4/186,,,35/21
5/1,,,35/22
,,,36/1
,,,36/2
,,,36/3
,,,36/4
,,,36/5
,,,36/6
,,,36/7
5/2,,,36/8
5/3,,,36/9
5/4,,,36/10
5/5,,,36/11
5/6,,,36/12
5/7,,,36/13
5/8,,,36/14
5/9,,,36/15
5/10,,,36/16
5/11,,,36/17
5/12,,,36/18
5/13,,,36/19
5/14,,,36/20
5/15,,,36/21
5/16,,,36/22
5/17,,,36/23
5/18,,,36/24
5/19,,,36/25
5/20,,,36/26
5/21,,,36/27
5/22,,,36/28
5/23,,,36/29
5/24,,,37/1
5/25,,,37/2
5/26,,,37/3
5/27,,,37/4
5/28,,,37/5
5/29,,,37/6
5/30,,,37/7
5/31,,,37/8
5/32,,,37/9
5/33,,,37/10
5/34,,,37/11
5/35,,,37/12
5/36,,,37/13
5/37,,,37/14
5/38,,,37/15
5/39,,,37/16
5/40,,,37/17
5/41,,,37/18
5/42,,,37/19
5/43,,,37/20
5/44,,,38/1
5/45,,,38/2
5/46,,,38/3
5/47,,,38/4
5/48,,,38/5
5/49,,,38/6
5/50,,,38/7
5/51,,,38/8
5/52,,,38/9
5/53,,,38/10
5/54,,,38/11
5/55,,,38/12
5/56,,,38/13
5/57,,,38/14
5/58,,,38/15
5/59,,,38/16
5/60,,,38/17
5/61,,,38/18
5/62,,,38/19
5/63,,,38/20
5/64,,,38/21
5/65,,,38/22
5/66,,,39/1
5/67,,,39/2
5/68,,,39/3
5/69,,,39/4
5/70,,,39/5
5/71,,,39/6
5/72,,,39/7
5/73,,,39/8
5/74,,,39/9
5/75,,,39/10
5/76,,,39/11
5/77,,,39/12
5/78,,,39/13
5/79,,,39/14
5/80,,,39/15
5/81,,,39/16
5/82,,,39/17
5/83,,,39/18
5/84,,,39/19
5/85,,,39/20
5/86,,,40/1
5/87,,,40/2
5/88,,,40/3
5/89,,,40/4
5/90,,,40/5
5/91,,,40/6
5/92,,,40/7
5/93,,,40/8
5/94,,,40/9
5/95,,,40/10
5/96,,,40/11
5/97,,,40/12
5/98,,,40/13
5/99,,,40/14
5/100,,,40/15
5/101,,,40/16
5/102,,,40/17
5/103,,,40/18
5/104,,,41/1
5/105,,,41/2
5/106,,,41/3
5/107,,,41/4
5/108,,,41/5
5/109,,,41/6
5/110,,,41/7
5/111,,,41/8
5/112,,,41/9
5/113,,,41/10
5/114,,,41/11
5/115,,,41/12
5/116,,,41/13
5/117,,,41/14
5/118,,,41/15
5/119,,,41/16
5/120,,,41/17
5/121,,,41/18
5/122,,,41/19
5/123,,,42/1
5/124,,,42/2
5/125,,,42/3
5/126,,,42/4
5/127,,,42/5
5/128,,,42/6
5/129,,,42/7
5/130,,,42/8
5/131,,,42/9
5/132,,,42/10
5/133,,,42/11
5/134,,,42/12
5/135,,,42/13
5/136,,,42/14
5/137,,,42/15
5/138,,,42/16
5/139,,,42/17
5/140,,,42/18
5/141,,,42/19
5/142,,,42/20
5/143,,,43/1
5/144,,,43/2
5/145,,,43/3
5/146,,,43/4
5/147,,,43/5
5/148,,,43/6
5/149,,,43/7
5/150,,,43/8
5/151,,,43/9
5/152,,,43/10
5/153,,,43/11
5/154,,,43/12
5/155,,,43/13
5/156,,,43/14
5/157,,,43/15
5/158,,,43/16
5/159,,,43/17
5/160,,,43/18
5/161,,,43/19
5/162,,,43/20
5/163,,,44/1
5/164,,,44/2
5/165,,,44/3
5/166,,,44/4
5/167,,,44/5
5/168,,,44/6
5/169,,,44/7
5/170,,,44/8
5/171,,,44/9
5/172,,,44/10
5/173,,,44/11
5/174,,,44/12
5/175,,,44/13
5/176,,,44/14
5/177,,,44/15
5/178,,,44/16
5/179,,,44/17
5/180,,,44/18
5/181,,,44/19
5/182,,,44/20
5/183,,,44/21
6/1,,,45/1
,,,45/2
,,,45/3
,,,45/4
,,,45/5
,,,45/6
,,,45/7
6/2,,,45/8
6/3,,,45/9
6/4,,,45/10
6/5,,,45/11
6/6,,,45/12
6/7,,,45/13
6/8,,,45/14
6/9,,,45/15
6/10,,,45/16
6/11,,,45/17
6/12,,,45/18
6/13,,,45/19
6/14,,,45/20
6/15,,,45/21
6/16,,,45/22
6/17,,,45/23
6/18,,,45/24
6/19,,,45/25
6/20,,,45/26
6/21,,,45/27
6/22,,,46/1
6/23,,,46/2
6/24,,,46/3
6/25,,,46/4
6/26,,,46/5
6/27,,,46/6
6/28,,,46/7
6/29,,,46/8
6/30,,,46/9
6/31,,,46/10
6/32,,,46/11
6/33,,,46/12
6/34,,,46/13
6/35,,,46/14
6/36,,,46/15
6/37,,,46/16
6/38,,,46/17
6/39,,,46/18
6/40,,,46/19
6/41,,,46/20
6/42,,,47/1
6/43,,,47/2
6/44,,,47/3
6/45,,,47/4
6/46,,,47/5
6/47,,,47/6
6/48,,,47/7
6/49,,,47/8
6/50,,,47/9
6/51,,,47/10
6/52,,,47/11
6/53,,,47/12
6/54,,,47/13
6/55,,,47/14
6/56,,,47/16
6/57,,,47/17
6/58,,,47/18
6/59,,,47/19
6/60,,,47/20
6/61,,,48/1
6/62,,,48/2
6/63,,,48/3
6/64,,,48/4
6/65,,,48/5
6/66,,,48/6
6/67,,,48/7
6/68,,,48/8
6/69,,,48/9
6/70,,,48/10
6/71,,,48/11
6/72,,,48/12
6/73,,,48/13
6/74,,,48/14
6/75,,,48/15
6/76,,,48/16
6/77,,,48/17
6/78,,,48/18
6/79,,,48/19
6/80,,,49/1
6/81,,,49/2
6/82,,,49/3
6/83,,,49/4
6/84,,,49/5
6/85,,,49/6
6/86,,,49/7
6/87,,,49/8
6/88,,,49/9
6/89,,,49/10
6/90,,,49/11
6/91,,,49/12
6/92,,,49/13
6/93,,,49/15
6/94,,,49/16
6/95,,,49/17
6/96,,,49/18
6/97,,,49/19
6/98,,,50/1
6/99,,,50/2
6/100,,,50/3
6/101,,,50/4
6/102,,,50/5
6/103,,,50/6
6/104,,,50/7
6/105,,,50/8
6/106,,,50/9
6/107,,,50/10
6/108,,,50/11
6/109,,,50/12
6/110,,,50/13
6/111,,,50/14
6/112,,,50/15
6/113,,,50/16
6/114,,,50/17
6/115,,,50/18
6/116,,,50/19
6/117,,,50/20
6/118,,,51/1
6/119,,,51/2
6/120,,,51/3
6/121,,,51/4
6/122,,,51/5
6/123,,,51/6
6/124,,,51/7
6/125,,,51/8
6/126,,,51/9
6/127,,,51/10
6/128,,,51/11
6/129,,,51/12
6/130,,,51/13
6/131,,,51/14
6/132,,,51/15
6/133,,,51/16
6/134,,,51/17
6/135,,,51/18
6/136,,,51/19
6/137,,,51/20
6/138,,,52/1
6/139,,,52/2
6/140,,,52/3
6/141,,,52/4
6/142,,,52/5
6/143,,,52/6
6/144,,,52/7
6/145,,,52/8
6/146,,,52/9
6/147,,,52/10
6/148,,,52/11
6/149,,,52/12
6/150,,,52/13
6/151,,,52/14
6/152,,,52/15
6/153,,,52/16
6/154,,,52/17
6/155,,,52/18
6/156,,,52/19
6/157,,,52/20
6/158,,,52/21
6/159,,,52/22
6/160,,,53/1
6/161,,,53/2
6/162,,,53/3
6/163,,,53/4
6/164,,,53/5
6/165,,,53/6
6/166,,,53/7
6/167,,,53/8
6/168,,,53/9
6/169,,,53/10
6/170,,,53/11
6/171,,,53/12
6/172,,,53/13
6/173,,,53/14
6/174,,,53/15
6/175,,,53/16
6/176,,,53/17
6/177,,,53/18
6/178,,,53/19
6/179,,,53/20
6/180,,,53/21
7/1,,,54/1
,,,54/2
,,,54/3
,,,54/4
,,,54/5
,,,54/6
,,,54/7
7/2,,,54/8
7/3,,,54/9
7/4,,,54/10
7/5,,,54/11
7/6,,,54/12
7/7,,,54/13
7/8,,,54/14
7/9,,,54/15
7/10,,,54/16
7/11,,,54/17
7/12,,,54/18
7/13,,,54/19
7/14,,,54/20
7/15,,,54/21
7/16,,,54/22
7/17,,,54/23
7/18,,,54/24
7/19,,,54/25
7/20,,,54/26
7/21,,,54/27
7/22,,,55/1
7/23,,,55/2
7/24,,,55/3
7/25,,,55/4
7/26,,,55/5
7/27,,,55/6
7/28,,,55/7
7/29,,,55/8
7/30,,,55/9
7/31,,,55/10
7/32,,,55/11
7/33,,,55/12
7/34,,,55/13
7/35,,,55/14
7/36,,,55/15
7/37,,,55/16
7/38,,,55/17
7/39,,,55/18
7/40,,,55/19
7/41,,,55/20
7/42,,,56/1
7/43,,,56/2
7/44,,,56/3
7/45,,,56/4
7/46,,,56/5
7/47,,,56/6
7/48,,,56/7
7/49,,,56/8
7/50,,,56/9
7/51,,,56/10
7/52,,,56/11
7/53,,,56/12
7/54,,,56/13
7/55,,,56/14
7/56,,,56/15
7/57,,,56/16
7/58,,,56/17
7/59,,,56/18
7/60,,,56/19
7/61,,,56/20
7/62,,,56/21
7/63,,,56/22
7/64,,,57/1
7/65,,,57/2
7/66,,,57/3
7/67,,,57/4
7/68,,,57/5
7/69,,,57/6
7/70,,,57/7
7/71,,,57/8
7/72,,,57/9
7/73,,,57/10
7/74,,,57/11
7/75,,,57/12
7/76,,,57/13
7/77,,,57/14
7/78,,,57/15
7/79,,,57/16
7/80,,,57/17
7/81,,,57/18
7/82,,,57/19
7/83,,,57/20
7/84,,,58/1
7/85,,,58/2
7/86,,,58/3
7/87,,,58/4
7/88,,,58/5
7/89,,,58/6
7/90,,,58/7
7/91,,,58/8
7/92,,,58/9
7/93,,,58/10
7/94,,,58/11
7/95,,,58/12
7/96,,,58/13
7/97,,,58/14
7/98,,,58/15
7/99,,,58/16
7/100,,,58/17
7/101,,,58/18
7/102,,,58/19
7/103,,,58/20
7/104,,,59/1
7/105,,,59/2
7/106,,,59/3
7/107,,,59/4
7/108,,,59/5
7/109,,,59/6
7/110,,,59/7
7/111,,,59/8
7/112,,,59/9
7/113,,,59/10
7/114,,,59/11
7/115,,,59/12
7/116,,,59/13
7/117,,,59/14
7/118,,,59/15
7/119,,,59/16
7/120,,,59/17
7/121,,,59/18
7/122,,,59/19
7/123,,,59/20
7/124,,,60/1
7/125,,,60/2
7/126,,,60/3
7/127,,,60/4
7/128,,,60/5
7/129,,,60/6
7/130,,,60/7
7/131,,,60/8
7/132,,,60/9
7/133,,,60/10
7/134,,,60/11
7/135,,,60/12
7/136,,,60/13
7/137,,,60/14
7/138,,,60/15
7/139,,,60/16
7/140,,,60/17
7/141,,,60/18
7/142,,,60/19
7/143,,,60/20
7/144,,,61/1
7/145,,,61/2
7/146,,,61/4
7/147,,,61/5
7/148,,,61/6
7/149,,,61/7
7/150,,,61/8
7/151,,,61/9
7/152,,,61/10
7/153,,,61/11
7/154,,,61/12
7/155,,,61/13
7/156,,,61/14
7/157,,,61/15
7/158,,,61/16
7/159,,,61/17
7/160,,,61/18
7/161,,,61/19
7/162,,,61/20
7/163,,,61/21
7/164,,,61/22
7/165,,,62/1
7/166,,,62/2
7/167,,,62/3
7/168,,,62/4
7/169,,,62/5
7/170,,,62/6
7/171,,,62/7
7/172,,,62/8
7/174,,,62/9
,,,62/10
,,,62/11
,,,62/12
,,,62/13
,,,62/14
,,,62/15
,,,62/16
,,,62/17
,,,62/18
,,,62/19
,,,63/1
,,,63/2
,,,63/3
,,,63/4
,,,63/5
,,,63/6
,,,63/7
,,,63/8
,,,63/9
,,,63/10
,,,63/11
,,,63/12
,,,63/13
,,,63/14
,,,63/15
,,,63/16
,,,63/17
,,,63/18
,,,63/19
,,,63/20
,,,63/21
,,,63/22
,,,63/23
,,,63/24
,,,63/25
,,,63/26
,,,64/1
,,,64/2
,,,64/3
,,,64/4
,,,64/5
,,,64/6
,,,64/7
,,,64/8
,,,64/9
,,,64/10
,,,64/11
,,,64/12
,,,64/13
,,,64/14
,,,64/15
,,,64/16
,,,64/17
,,,64/18
,,,64/19
,,,65/1
,,,65/2
,,,65/3
,,,65/4
,,,65/5
,,,65/6
,,,65/7
,,,65/8
,,,65/9
,,,65/10
,,,65/11
,,,65/12
,,,65/13
,,,65/14
,,,65/15
,,,65/16
,,,65/17
,,,65/18
,,,65/19
,,,65/20
,,,66/1
,,,66/2
,,,66/3
,,,66/4
,,,66/5
,,,66/6
,,,66/7
,,,66/8
,,,66/9
,,,66/10
,,,66/11
,,,66/12
,,,66/13
,,,66/14
,,,66/15
,,,66/16
,,,66/17
,,,66/18
,,,66/19
,,,66/20
,,,67/1
,,,67/2
,,,67/3
,,,67/4
,,,67/5
,,,67/6
,,,67/7
,,,67/8
,,,67/9
,,,67/10
,,,67/11
,,,67/12
,,,67/13
,,,67/14
,,,67/15
,,,67/16
,,,67/17
,,,67/18
,,,67/19
,,,67/20
,,,68/1
,,,68/2
,,,68/3
,,,68/4
,,,68/5
,,,68/6
,,,68/7
,,,68/8
,,,68/9
,,,68/10
,,,68/11
,,,68/12
,,,68/13
,,,68/14
,,,68/15
,,,68/16
,,,68/17
,,,68/18
,,,68/19
,,,68/20
,,,69/1
,,,69/2
,,,69/3
,,,69/4
,,,69/5
,,,69/6
,,,69/7
,,,69/8
,,,69/9
,,,69/10
,,,69/11
,,,69/12
,,,69/13
,,,69/14
,,,69/15
,,,69/16
,,,69/17
,,,69/18
,,,69/19
,,,69/20
,,,69/21
,,,69/22
,,,70/1
,,,70/2
,,,70/3
,,,70/4
,,,70/5
,,,70/6
,,,70/7
,,,70/8
,,,70/9
,,,70/10
,,,70/11
,,,70/12
,,,70/13
,,,70/14
,,,70/15
,,,70/16
,,,70/17
,,,70/18
,,,70/19
,,,70/20
,,,70/21
,,,70/22
,,,71/1
,,,71/2
,,,71/3
,,,71/4
,,,71/5
,,,71/6
,,,71/7
,,,71/8
,,,71/9
,,,71/10
,,,71/11
,,,71/12
,,,71/13
,,,71/14
,,,71/15
,,,71/16
,,,71/17
,,,71/18
,,,71/19
,,,72/1
,,,72/2
,,,72/3
,,,72/4
,,,72/5
,,,72/6
,,,72/7
,,,72/8
,,,72/9
,,,72/10
,,,72/11
,,,72/12
,,,72/13
,,,72/14
,,,72/15
,,,72/16
,,,72/17
,,,72/18
,,,72/19
,,,72/20
,,,72/21
,,,72/22
,,,72/23
,,,72/24
,,,72/25
,,,72/26
,,,72/27
,,,73/1
,,,73/2
,,,73/3
,,,73/4
,,,73/5
,,,73/6
,,,73/7
,,,73/8
,,,73/9
,,,73/10
,,,73/11
,,,73/12
,,,73/13
,,,73/14
,,,73/15
,,,73/16
,,,73/17
,,,73/18
,,,73/19
,,,73/20
,,,74/1
,,,74/2
,,,74/3
,,,74/4
,,,74/5
,,,74/6
,,,74/7
,,,74/8
,,,74/9
,,,74/10
,,,74/11
,,,74/12
,,,74/13
,,,74/14
,,,74/15
,,,74/16
,,,74/17
,,,74/18
,,,74/19
,,,74/20
,,,75/1
,,,75/2
,,,75/3
,,,75/4
,,,75/5
,,,75/6
,,,75/7
,,,75/8
,,,75/9
,,,75/10
,,,75/11
,,,75/12
,,,75/13
,,,75/14
,,,75/15
,,,75/16
,,,75/17
,,,75/18
,,,75/19
,,,75/20
,,,76/1
,,,76/2
,,,76/3
,,,76/4
,,,76/5
,,,76/6
,,,76/7
,,,76/8
,,,76/9
,,,76/10
,,,76/11
,,,76/12
,,,76/13
,,,76/14
,,,76/15
,,,76/16
,,,76/17
,,,76/18
,,,76/19
,,,76/20
,,,77/1
,,,77/2
,,,77/3
,,,77/4
,,,77/5
,,,77/6
,,,77/7
,,,77/8
,,,77/9
,,,77/10
,,,77/11
,,,77/12
,,,77/13
,,,77/14
,,,77/15
,,,77/16
,,,77/17
,,,77/18
,,,77/19
,,,77/20
,,,78/1
,,,78/2
,,,78/3
,,,78/5
,,,78/6
,,,78/7
,,,78/8
,,,78/9
,,,78/10
,,,78/11
,,,78/12
,,,78/13
,,,78/14
,,,78/15
,,,78/16
,,,78/17
,,,78/18
,,,78/19
,,,78/20
,,,79/1
,,,79/2
,,,79/3
,,,79/4
,,,79/5
,,,79/6
,,,79/7
,,,79/8
,,,79/9
,,,79/10
,,,79/11
,,,79/12
,,,79/13
,,,79/14
,,,79/15
,,,79/16
,,,79/17
,,,79/18
,,,79/19
,,,79/20
,,,80/1
,,,80/2
,,,80/3
,,,80/4
,,,80/5
,,,80/6
,,,80/7
,,,80/8
,,,80/9
,,,80/10
,,,80/11
,,,80/12
,,,80/13
,,,80/14
,,,80/15
,,,80/16
,,,80/17
,,,80/18
,,,80/19
,,,80/20
,,,81/1
,,,81/2
,,,81/3
,,,81/4
,,,81/5
,,,81/6
,,,81/7
,,,81/8
,,,81/9
,,,81/10
,,,81/11
,,,81/12
,,,81/13
,,,81/14
,,,81/15
,,,81/16
,,,81/17
,,,81/18
,,,81/19
,,,82/1
,,,82/2
,,,82/3
,,,82/4
,,,82/5
,,,82/6
,,,82/7
,,,82/8
,,,82/9
,,,82/10
,,,82/11
,,,82/12
,,,82/13
,,,82/14
,,,82/15
,,,82/16
,,,82/17
,,,82/18
,,,82/19
,,,82/20
,,,82/21
,,,82/22
,,,82/23
,,,82/24
,,,82/25
,,,82/26
,,,82/27
,,,83/1
,,,83/2
,,,83/3
,,,83/4
,,,83/5
,,,83/6
,,,83/7
,,,83/8
,,,83/9
,,,83/10
,,,83/11
,,,83/12
,,,83/13
,,,83/14
,,,83/15
,,,83/16
,,,83/17
,,,83/18
,,,83/19
,,,83/20
,,,84/1
,,,84/2
,,,84/3
,,,84/4
,,,84/5
,,,84/6
,,,84/7
,,,84/8
,,,84/9
,,,84/10
,,,84/11
,,,84/12
,,,84/13
,,,84/14
,,,84/15
,,,84/16
,,,84/17
,,,84/18
,,,84/19
,,,84/20
,,,85/1
,,,85/2
,,,85/3
,,,85/4
,,,85/5
,,,85/6
,,,85/7
,,,85/8
,,,85/9
,,,85/10
,,,85/11
,,,85/12
,,,85/13
,,,85/14
,,,85/15
,,,85/16
,,,85/17
,,,85/18
,,,85/19
,,,85/20
,,,86/1
,,,86/2
,,,86/3
,,,86/4
,,,86/5
,,,86/6
,,,86/7
,,,86/8
,,,86/9
,,,86/10
,,,86/11
,,,86/12
,,,86/13
,,,86/14
,,,86/15
,,,86/16
,,,86/17
,,,86/18
,,,86/19
,,,86/20
,,,86/21
,,,86/22
,,,87/1
,,,87/2
,,,87/3
,,,87/4
,,,87/5
,,,87/6
,,,87/7
,,,87/8
,,,87/9
,,,87/10
,,,87/11
,,,87/12
,,,87/13
,,,87/14
,,,87/15
,,,87/16
,,,87/17
,,,87/18
,,,87/19
,,,87/20
,,,88/1
,,,88/2
,,,88/3
,,,88/4
,,,88/6
,,,88/7
,,,88/8
,,,88/9
,,,88/10
,,,88/11
,,,88/12
,,,88/13
,,,88/14
,,,88/15
,,,88/16
,,,88/17
,,,88/18
,,,88/19
,,,88/20
,,,89/2
,,,89/3
,,,89/4
,,,89/5
,,,89/6
,,,89/7
,,,89/8
,,,89/9
,,,89/10
,,,89/11
,,,89/12
,,,89/13
,,,89/14
,,,89/15
,,,89/16
,,,89/17
,,,89/18
,,,89/19
,,,89/20
,,,90/1
,,,90/2
,,,90/3
,,,90/4
,,,90/5
,,,90/6
,,,90/7
,,,90/8
,,,90/9
,,,90/10
,,,90/11
,,,90/12
,,,90/13
,,,90/14
,,,90/15
,,,90/16
,,,90/17
,,,90/18
,,,90/19
,,,91/1
,,,91/2
,,,91/3
,,,91/4
,,,91/5
,,,91/6
,,,91/7
,,,91/8
,,,91/9
,,,91/10
,,,91/11
,,,91/12
,,,91/13
,,,91/14
,,,91/15
,,,91/16
,,,91/17
,,,91/18
,,,91/19
,,,91/20
,,,91/21
,,,91/22
,,,91/23
,,,91/24
,,,91/25
,,,91/26
,,,91/27
,,,92/1
,,,92/2
,,,92/3
,,,92/4
,,,92/5
,,,92/6
,,,92/7
,,,92/8
,,,92/9
,,,92/10
,,,92/11
,,,92/12
,,,92/13
,,,92/14
,,,92/15
,,,92/16
,,,92/17
,,,92/18
,,,92/19
,,,92/20
,,,93/1
,,,93/2
,,,93/3
,,,93/4
,,,93/5
,,,93/6
,,,93/7
,,,93/8
,,,93/9
,,,93/10
,,,93/11
,,,93/12
,,,93/13
,,,93/14
,,,93/15
,,,93/16
,,,93/17
,,,93/18
,,,93/19
,,,93/20
,,,94/1
,,,94/2
,,,94/3
,,,94/4
,,,94/5
,,,94/6
,,,94/7
,,,94/8
,,,94/9
,,,94/10
,,,94/11
,,,94/12
,,,94/13
,,,94/14
,,,94/15
,,,94/16
,,,94/17
,,,94/18
,,,95/1
,,,95/2
,,,95/3
,,,95/4
,,,95/5
,,,95/6
,,,95/7
,,,95/8
,,,95/9
,,,95/10
,,,95/11
,,,95/12
,,,95/13
,,,95/14
,,,95/15
,,,95/16
,,,95/17
,,,95/18
,,,95/19
,,,95/20
,,,96/1
,,,96/2
,,,96/3
,,,96/4
,,,96/5
,,,96/6
,,,96/7
,,,96/8
,,,96/9
,,,96/10
,,,96/11
,,,96/12
,,,96/13
,,,96/14
,,,96/15
,,,96/16
,,,96/17
,,,96/18
,,,96/19
,,,96/20
,,,97/1
,,,97/2
,,,97/3
,,,97/4
,,,97/5
,,,97/6
,,,97/7
,,,97/8
,,,97/9
,,,97/10
,,,97/11
,,,97/12
,,,97/13
,,,97/14
,,,97/15
,,,97/16
,,,97/17
,,,97/18
,,,97/19
,,,97/20
,,,98/1
,,,98/2
,,,98/3
,,,98/4
,,,98/5
,,,98/6
,,,98/7
,,,98/8
,,,98/9
,,,98/10
,,,98/11
,,,98/12
,,,98/13
,,,98/14
,,,98/15
,,,98/16
,,,98/17
,,,98/18
,,,98/19
,,,98/20
,,,99/1
,,,99/2
,,,99/3
,,,99/4
,,,99/5
,,,99/6
,,,99/7
,,,99/8
,,,99/9
,,,99/10
,,,99/11
,,,99/12
,,,99/13
,,,99/14
,,,99/15
,,,99/16
,,,99/17
,,,99/18
,,,99/19
,,,99/20
,,,99/21
,,,
,,,
,,,
,,,
